1001,Cheese,Cheese Description and is extremely long for no reason IT MUST BE LONGER,3.99,cheese.jpg
1002,Apple,Apple Description,2.99,apple.jpg
1003,Melon,Melon Description,4.99,melon.jpg
1004,Carrot,Carrot Description,5.99,carrot.jpg
1005,Lettuce,Lettuce Description,3.99,lettuce.jpg
1006,Pumpkin,Pumpkin Description,8.99,pumpkin.jpg
1007,Squash,Squash Description,7.99,squash.jpg
1008,Cabbage,Cabbage Description,4.99,cabbage.jpg
1009,Radish,Radish Description,5.99,radish.jpg
1010,Parsnip,Parsnip Description,3.99,parsnip.jpg
1011,Broccoli,Broccoli Description,8.99,broccoli.jpg
1012,Cauliflower,Cauliflower Description,7.99,cauliflower.jpg
1013,Eggplant,Eggplant Description,8.99,eggplant.jpg
1014,Tomato,Tomato Description,7.99,tomato.jpg
1015,Pepper,Pepper Description,4.99,pepper.jpg
1016,Beet,Beet Description,5.99,beet.jpg
1017,Strawberry,Strawberry Description,3.99,strawberry.jpg
1018,Beans,Beans Description,8.99,beans.jpg
1019,Blueberry,Blueberry Description,3.99,blueberry.jpg
1020,Raspberry,Raspberry Description,2.99,raspberry.jpg
1021,Peach,Peach Description,2.99,peach.jpg
1022,Onion,Onion Description,7.99,onion.jpg
1023,Celery,Celery Description,8.99,celery.jpg
1024,Almonds,Almonds Description,7.99,almonds.jpg
1025,Peanuts,Peanuts Description,4.99,peanuts.jpg
1026,Banana,Banana Description,5.99,banana.jpg
1027,Plum,Plum Description,3.99,plum.jpg
1028,Fig,Fig Description,8.99,fig.jpg
1029,Cilantro,Cilantro Description,3.99,cilantro.jpg
1030,Scallion,Scallion Description,2.99,scallion.jpg
